{
    "Auto Rifle":      {"a": 0.000105640666666667,  "b": -0.0290040666666667, "c": 3.08620666666667},
    "Combat Bow":      {"a": "",                    "b": "",                  "c": ""              },
    "Fusion Rifle":    {"a": 0.0000759606666666667, "b": -0.0235252333333333, "c": 3.05622666666667},
    "Special GL":      {"a": 0.0000894073333333333, "b": -0.0258361333333333, "c": 3.49046666666667},
    "Heavy GL":        {"a": 0.0000932386666666667, "b": -0.0295255666666667, "c": 4.41473333333333},
    "Hand Cannon":     {"a": 0.000159282666666667,  "b": -0.043624,           "c": 4.61606666666667},
    "Linear Fusion":   {"a": 0.0000726496666666667, "b": -0.0236623666666667, "c": 3.10142333333   },
    "MachineGun":      {"a": 0.000111771666666667,  "b": -0.0362153333333333, "c": 6.47296666666667},
    "Pulse Rifle":     {"a": 0.000114346666666667,  "b": -0.0308288666666667, "c": 3.22312666666667},
    "Rocket Launcher": {"a": 0.000128344666666667,  "b": -0.0305745666666667, "c": 4.38473333333333},
    "Scout Rifle":     {"a": 0.000127055666666667,  "b": -0.0333065333333333, "c": 3.43833333333333},
    "Shotgun":         {"a": 0.0000790693333333333, "b": -0.0173282,          "c": 1.41598333333333},
    "Sidearm":         {"a": 0.0000294211666666667, "b": -0.0144276333333333, "c": 2.28800666666667},
    "Sniper Rifle":    {"a": 0.0000832713333333333, "b": -0.0273923666666667, "c": 4.104           },
    "Submachine Gun":  {"a": 0.000075141,           "b": -0.0227633333333333, "c": 2.84781333333333},
    "Trace Rifle":     {"a": "",                    "b": "",                  "c": ""              },
    "spacer": "",
    "Auto Rifle ": ""
}